Timestamp,Message_Index,Feedback,Question,Answer
2026-03-01T23:10:55.276355,1,helpful,Tell me about hostel fees,"📖 **Official Information:**

- Location: Central Building, 2nd Floor

- Timing: 8:00 AM - 8:00 PM (Monday to Saturday)

- Books: 25,000+ technical books

- Journals: 50+ national and international jou"
2026-03-02T11:56:12.890031,11,helpful,Tell me about CBCS system,"📖 **Official Information:**

Choice Based Credit System (CBCS):

WIT follows the CBCS pattern as per Shivaji University guidelines.

Credit Structure:

- Minimum credits required for B.Tech: 160 credi"
2026-03-02T15:41:58.307187,1,helpful,Where is the placement cell?,"📖 **Official Information:**

Training and Placement Office:

Location: Administrative Building, Ground Floor

Contact: placement@witsolapur.org

Phone: 0217-2320570

Placement Coordinator:

Dr. Rajesh"
